Nombre del Producto,URL de la Imagen
Tutto Chocolate Con Leche Y Semillas,https://latorremx.vtexassets.com/arquivos/ids/190921-300-300?v=638533791446000000&amp;width=300&amp;height=300&amp;aspect=true
Tutto Chocolate Con Leche Y Arándano,https://latorremx.vtexassets.com/arquivos/ids/190920-300-300?v=638533790995570000&amp;width=300&amp;height=300&amp;aspect=true
Tutto Chocolate Blanco Con Semillas,https://latorremx.vtexassets.com/arquivos/ids/190922-300-300?v=638533792729770000&amp;width=300&amp;height=300&amp;aspect=true
Oreo Chocolate Original 12 Pack,https://latorremx.vtexassets.com/arquivos/ids/179801-300-300?v=637983574717830000&amp;width=300&amp;height=300&amp;aspect=true
Tutto Chocolate Crocante Vainilla,https://latorremx.vtexassets.com/arquivos/ids/194721-300-300?v=638697548166100000&amp;width=300&amp;height=300&amp;aspect=true
Lindt Chocolate Con Leche,https://latorremx.vtexassets.com/arquivos/ids/194293-300-300?v=638689367574430000&amp;width=300&amp;height=300&amp;aspect=true
Snickers Chocolate Fun Size 5 Pack,https://latorremx.vtexassets.com/arquivos/ids/194618-300-300?v=638697547788000000&amp;width=300&amp;height=300&amp;aspect=true
Chocolate Clásico La Grecia Tableta,https://latorremx.vtexassets.com/arquivos/ids/165175-300-300?v=637691354930730000&amp;width=300&amp;height=300&amp;aspect=true
Chocolate Leche La Grecia Tableta,https://latorremx.vtexassets.com/arquivos/ids/165742-300-300?v=637691354692730000&amp;width=300&amp;height=300&amp;aspect=true
Tutto Chocolate Crocante Vainilla,https://latorremx.vtexassets.com/arquivos/ids/194720-300-300?v=638697548161030000&amp;width=300&amp;height=300&amp;aspect=true
Ritter Sport Chocolate Golden Edition,https://latorremx.vtexassets.com/arquivos/ids/194315-300-300?v=638689367659900000&amp;width=300&amp;height=300&amp;aspect=true
Granada Chocolate Polo,https://latorremx.vtexassets.com/arquivos/ids/194414-300-300?v=638689368053770000&amp;width=300&amp;height=300&amp;aspect=true
Ritter Sport Chocolate Ron Con Pasas,https://latorremx.vtexassets.com/arquivos/ids/194294-300-300?v=638689367580300000&amp;width=300&amp;height=300&amp;aspect=true
Nucita Chocolate Con Leche Relleno Fresa,https://latorremx.vtexassets.com/arquivos/ids/194411-300-300?v=638689368043270000&amp;width=300&amp;height=300&amp;aspect=true
Chocolate Clásico La Grecia Tableta,https://latorremx.vtexassets.com/arquivos/ids/162193-300-300?v=637691354698070000&amp;width=300&amp;height=300&amp;aspect=true
Ritter Sport Chocolate Amargo,https://latorremx.vtexassets.com/arquivos/ids/186997-300-300?v=638357727085970000&amp;width=300&amp;height=300&amp;aspect=true
Valor Chocolate Negro 70%,https://latorremx.vtexassets.com/arquivos/ids/187461-300-300?v=638389077144600000&amp;width=300&amp;height=300&amp;aspect=true
Chocolate Cobertura Para Fruta Sarita,https://latorremx.vtexassets.com/arquivos/ids/183688-300-300?v=638209999993030000&amp;width=300&amp;height=300&amp;aspect=true
Kisses Chocolate Milk,https://latorremx.vtexassets.com/arquivos/ids/182324-300-300?v=638119325886930000&amp;width=300&amp;height=300&amp;aspect=true
Ferrero Chocolate Rocher T-16,https://latorremx.vtexassets.com/arquivos/ids/187371-300-300?v=638389076814500000&amp;width=300&amp;height=300&amp;aspect=true
Chocolate San Enrique Tableta,https://latorremx.vtexassets.com/arquivos/ids/161924-300-300?v=637691351568800000&amp;width=300&amp;height=300&amp;aspect=true
Ghirardelli Chocolate Negro 72%,https://latorremx.vtexassets.com/arquivos/ids/164586-300-300?v=637828955317670000&amp;width=300&amp;height=300&amp;aspect=true
Toblerone Chocolate Negro,https://latorremx.vtexassets.com/arquivos/ids/164620-300-300?v=637240658705100000&amp;width=300&amp;height=300&amp;aspect=true
Chocolate Chocobanano Granada,https://latorremx.vtexassets.com/arquivos/ids/182747-300-300?v=638137246972000000&amp;width=300&amp;height=300&amp;aspect=true
Torras Chocolate Negro Sin Azúcar,https://latorremx.vtexassets.com/arquivos/ids/168807-300-300?v=637680273659100000&amp;width=300&amp;height=300&amp;aspect=true
Pacari Chocolate Con Café Barra,https://latorremx.vtexassets.com/arquivos/ids/184306-300-300?v=638235933481830000&amp;width=300&amp;height=300&amp;aspect=true
Ghirardelli Chocolate Negro 86%,https://latorremx.vtexassets.com/arquivos/ids/177510-300-300?v=637883956581630000&amp;width=300&amp;height=300&amp;aspect=true
Kit Kat Chocolate,https://latorremx.vtexassets.com/arquivos/ids/177279-300-300?v=637883956226070000&amp;width=300&amp;height=300&amp;aspect=true
